1,Capitol KIA,387018047,Greenville
2,Chrysler of Tri-Cities,993013882,Pasco
3,Classic Chevy,852573102,Scottsdale
4,Clay Johnson Auto Sales,787587841,Austin
5,Rabun Used Car Sales,852573102,Pasco
6,Race Car Help,787587841,Austin
7,Buddy Storbeck's Diesel Service Inc,64573834,Middletown
8,C & M Motors Inc,605047114,Aurora
11,Diehl Motor CO Inc,64573834,Middletown
12,Progressive Shippers Cooperative Association No,535469427,Janesville
13,Race Car Help,787587841,Janesville
14,Ryder Truck Rental and Leasing,64573834,Scottsdale
15,Saab-Belle Dodge,605047114,Austin
16,Scrivener Performance Engineering,387018047,Middletown
17,Tri-State Mack Inc,852573102,Greenville
18,Suburban Ford,535469427,Janesville
19,Tri-State Mack Inc,852573102,Scottsdale
20,U-Haul CO,787587841,Austin
21,Enterprise Rent A Car,605047114,Aurora
22,Gartner Buick Hyundai Saab,387018047,Greenville
23,Hatfield Volkswagen,993013882,Pasco
25,Chrysler of Tri-Cities,993013882,Middletown
26,McKinney Dodge Chrysler Jeep,852573102,Scottsdale
27,Motor Vehicle Branch Office,787587841,Austin
30,Ryder Truck Rental and Leasing,64573834,Janesville
31,Iceberg Rentals,535469427,Janesville
32,McKinney Dodge Chrysler Jeep,852573102,Austin
34,Chrysler Plymouth,535469427,Aurora
35,New Castle Ford Lincoln Mercury,605047114,Aurora
36,Pars Auto Sales,387018047,Greenville
41,Pitre Buick-Pontiac-Gmc of Scottsdale,993013882,Pasco
43,Rabun Used Car Sales,852573102,Scottsdale
46,Enterprise Rent A Car,605047114,Scottsdale
47,Hatfield Volkswagen,993013882,Janesville
48,Iceberg Rentals,535469427,Scottsdale
49,Buddy Storbeck's Diesel Service Inc,64573834,Janesville
51,Motor Vehicle Branch Office,787587841,Middletown
52,Star Enterprises Inc,993013882,Pasco
54,U-Haul CO,787587841,Janesville
56,Scrivener Performance Engineering,387018047,Greenville
61,Suburban Ford,535469427,Greenville
62,Pars Auto Sales,387018047,Pasco
63,Progressive Shippers Cooperative Association No,535469427,Scottsdale
69,Chrysler Plymouth,535469427,Janesville
75,Ryder Truck Rental and Leasing,64573834,Middletown
79,Nebo Chevrolet,64573834,Middletown
81,Race Car Help,787587841,Middletown
84,Star Enterprises Inc,993013882,Janesville
88,Saab-Belle Dodge,605047114,Aurora
90,Nebo Chevrolet,64573834,Austin
95,Progressive Shippers Cooperative Association No,535469427,Aurora
103,Saab-Belle Dodge,605047114,Scottsdale
124,Clay Johnson Auto Sales,787587841,Pasco
145,Nebo Chevrolet,64573834,Aurora
155,New Castle Ford Lincoln Mercury,605047114,Greenville
172,Saab-Belle Dodge,605047114,Janesville
174,Ryder Truck Rental and Leasing,64573834,Aurora
175,Saab-Belle Dodge,605047114,Greenville
176,Scrivener Performance Engineering,387018047,Pasco
195,Tri-State Mack Inc,852573102,Austin
197,Tri-State Mack Inc,852573102,Aurora
198,Rabun Used Car Sales,852573102,Greenville
199,Race Car Help,787587841,Pasco
206,Scrivener Performance Engineering,387018047,Austin
218,Suburban Ford,535469427,Aurora
229,C & M Motors Inc,605047114,Scottsdale
239,Diehl Motor CO Inc,64573834,Janesville
241,Gartner Buick Hyundai Saab,387018047,Austin
258,Chrysler of Tri-Cities,993013882,Austin
260,Pitre Buick-Pontiac-Gmc of Scottsdale,993013882,Janesville
274,Suburban Ford,535469427,Scottsdale
288,Star Enterprises Inc,993013882,Middletown
291,Classic Chevy,852573102,Austin
303,U-Haul CO,787587841,Pasco
305,Capitol KIA,387018047,Austin
313,Classic Chevy,852573102,Greenville
417,McKinney Dodge Chrysler Jeep,852573102,Janesville
429,New Castle Ford Lincoln Mercury,605047114,Middletown
430,Pars Auto Sales,387018047,Aurora
442,Progressive Shippers Cooperative Association No,535469427,Pasco
443,Rabun Used Car Sales,852573102,Janesville
444,Race Car Help,787587841,Scottsdale
451,Saab-Belle Dodge,605047114,Middletown
469,Tri-State Mack Inc,852573102,Janesville
470,Progressive Shippers Cooperative Association No,535469427,Austin
471,Race Car Help,787587841,Aurora
472,Saab-Belle Dodge,605047114,Pasco
473,Suburban Ford,535469427,Austin
506,Buddy Storbeck's Diesel Service Inc,64573834,Greenville
507,Enterprise Rent A Car,605047114,Pasco
530,New Castle Ford Lincoln Mercury,605047114,Austin
531,Pars Auto Sales,387018047,Middletown
532,Ryder Truck Rental and Leasing,64573834,Austin
542,Tri-State Mack Inc,852573102,Pasco
579,U-Haul CO,787587841,Middletown
580,Buddy Storbeck's Diesel Service Inc,64573834,Aurora
581,C & M Motors Inc,605047114,Greenville
582,Capitol KIA,387018047,Pasco
583,Chrysler of Tri-Cities,993013882,Janesville
584,Chrysler Plymouth,535469427,Scottsdale
593,Clay Johnson Auto Sales,787587841,Middletown
594,Diehl Motor CO Inc,64573834,Aurora
609,Gartner Buick Hyundai Saab,387018047,Pasco
626,Pitre Buick-Pontiac-Gmc of Scottsdale,993013882,Aurora
644,Star Enterprises Inc,993013882,Aurora
705,Rabun Used Car Sales,852573102,Austin
718,Iceberg Rentals,535469427,Austin
734,Star Enterprises Inc,993013882,Greenville
735,Suburban Ford,535469427,Pasco
748,Ryder Truck Rental and Leasing,64573834,Greenville
749,Scrivener Performance Engineering,387018047,Janesville
756,U-Haul CO,787587841,Aurora
766,C & M Motors Inc,605047114,Pasco
781,Chrysler Plymouth,535469427,Austin
782,Diehl Motor CO Inc,64573834,Greenville
784,Hatfield Volkswagen,993013882,Austin
819,Scrivener Performance Engineering,387018047,Aurora
850,U-Haul CO,787587841,Scottsdale
851,Rabun Used Car Sales,852573102,Middletown
867,C & M Motors Inc,605047114,Austin
973,Enterprise Rent A Car,605047114,Austin
1219,U-Haul CO,787587841,Greenville
1228,C & M Motors Inc,605047114,Janesville
1246,Motor Vehicle Branch Office,787587841,Janesville
1256,Progressive Shippers Cooperative Association No,535469427,Greenville
1344,Nebo Chevrolet,64573834,Janesville
1345,Pitre Buick-Pontiac-Gmc of Scottsdale,993013882,Middletown
1436,Pars Auto Sales,387018047,Austin
1510,Hatfield Volkswagen,993013882,Greenville
1512,Buddy Storbeck's Diesel Service Inc,64573834,Austin
1513,C & M Motors Inc,605047114,Middletown
1514,Classic Chevy,852573102,Janesville
1515,Enterprise Rent A Car,605047114,Middletown
1516,Gartner Buick Hyundai Saab,387018047,Aurora
1517,Iceberg Rentals,535469427,Pasco
1522,New Castle Ford Lincoln Mercury,605047114,Scottsdale
1555,Progressive Shippers Cooperative Association No,535469427,Middletown
1556,Rabun Used Car Sales,852573102,Aurora
1558,Star Enterprises Inc,993013882,Austin
1578,Gartner Buick Hyundai Saab,387018047,Scottsdale
1610,Chrysler of Tri-Cities,993013882,Greenville
1611,Chrysler Plymouth,535469427,Pasco
1662,Ryder Truck Rental and Leasing,64573834,Pasco
1682,Chrysler Plymouth,535469427,Middletown
1699,McKinney Dodge Chrysler Jeep,852573102,Aurora
1700,Motor Vehicle Branch Office,787587841,Greenville
1711,New Castle Ford Lincoln Mercury,605047114,Janesville
1712,Pars Auto Sales,387018047,Scottsdale
1714,Race Car Help,787587841,Greenville
1764,Clay Johnson Auto Sales,787587841,Greenville
1765,Diehl Motor CO Inc,64573834,Pasco
1779,Nebo Chevrolet,64573834,Pasco
1821,Suburban Ford,535469427,Middletown
1884,Star Enterprises Inc,993013882,Scottsdale
1927,Capitol KIA,387018047,Scottsdale
1929,Classic Chevy,852573102,Aurora
1958,Pitre Buick-Pontiac-Gmc of Scottsdale,993013882,Austin
1973,Scrivener Performance Engineering,387018047,Scottsdale
2008,Buddy Storbeck's Diesel Service Inc,64573834,Pasco
2330,Diehl Motor CO Inc,64573834,Austin
2378,Enterprise Rent A Car,605047114,Janesville
2382,Capitol KIA,387018047,Janesville
2397,Motor Vehicle Branch Office,787587841,Scottsdale
2447,Buddy Storbeck's Diesel Service Inc,64573834,Scottsdale
2460,Classic Chevy,852573102,Pasco
2461,Diehl Motor CO Inc,64573834,Scottsdale
2462,Gartner Buick Hyundai Saab,387018047,Middletown
2544,Chrysler Plymouth,535469427,Greenville
2571,Nebo Chevrolet,64573834,Scottsdale
2594,McKinney Dodge Chrysler Jeep,852573102,Middletown
2620,Tri-State Mack Inc,852573102,Middletown
2622,Chrysler of Tri-Cities,993013882,Scottsdale
2627,Pars Auto Sales,387018047,Janesville
2645,Clay Johnson Auto Sales,787587841,Aurora
2646,Gartner Buick Hyundai Saab,387018047,Janesville
2647,Hatfield Volkswagen,993013882,Scottsdale
2649,Clay Johnson Auto Sales,787587841,Scottsdale
2740,Iceberg Rentals,535469427,Middletown
3026,Pitre Buick-Pontiac-Gmc of Scottsdale,993013882,Greenville
3351,Capitol KIA,387018047,Middletown
3354,Clay Johnson Auto Sales,787587841,Janesville
3356,Hatfield Volkswagen,993013882,Aurora
3518,Hatfield Volkswagen,993013882,Middletown
3525,Motor Vehicle Branch Office,787587841,Pasco
3642,Iceberg Rentals,535469427,Aurora
3726,Chrysler of Tri-Cities,993013882,Aurora
3766,Iceberg Rentals,535469427,Greenville
3769,Pitre Buick-Pontiac-Gmc of Scottsdale,993013882,Scottsdale
3932,McKinney Dodge Chrysler Jeep,852573102,Pasco
4344,Capitol KIA,387018047,Aurora
4492,Nebo Chevrolet,64573834,Greenville
4994,Enterprise Rent A Car,605047114,Greenville
6302,New Castle Ford Lincoln Mercury,605047114,Pasco
6394,Motor Vehicle Branch Office,787587841,Aurora
7281,McKinney Dodge Chrysler Jeep,852573102,Greenville
10036,Classic Chevy,852573102,Middletown
